CREATE TABLE "products" (
  "id" int PRIMARY KEY,
  "name" VARCHAR(50),
  "cost" INT NOT NULL CHECK (cost > 0) UNIQUE,
);

CREATE TABLE "customers" (
  "id" int PRIMARY KEY,
  "basket_id" int,
  "first_name" VARCHAR(50),
  "last_name" VARCHAR(50),
  "email" VARCHAR(50),
  "phone" VARCHAR(50),
  "city" VARCHAR(50),
  "payment" int
);

CREATE TABLE "basket" (
  "id" int PRIMARY KEY,
  "products_id" INT NOT NULL,
  "cost" INT NOT NULL CHECK (cost > 0) UNIQUE,

);

CREATE TABLE "company" (
  "id" int PRIMARY KEY,
  "products_id" INTEGER NOT NULL

);
insert into products (id, name, cost) values (1, 'Subin', 1);
insert into products (id, name, cost) values (2, 'Ventosanzap', 2);
insert into products (id, name, cost) values (3, 'Tin', 3);
insert into products (id, name, cost) values (4, 'Quo Lux', 4);
insert into products (id, name, cost) values (5, 'Prodder', 5);
insert into products (id, name, cost) values (6, 'Fixflex', 6);
insert into products (id, name, cost) values (7, 'Opela', 7);
insert into products (id, name, cost) values (8, 'Cardify', 8);
insert into products (id, name, cost) values (9, 'Subin', 9);
insert into products (id, name, cost) values (10, 'Gembucket', 10);
insert into products (id, name, cost) values (11, 'Cookley', 11);
insert into products (id, name, cost) values (12, 'Solarbreeze', 12);
insert into products (id, name, cost) values (13, 'Cookley', 13);
insert into products (id, name, cost) values (14, 'Tempsoft', 14);
insert into products (id, name, cost) values (15, 'Voltsillam', 15);
insert into products (id, name, cost) values (16, 'Fixflex', 16);
insert into products (id, name, cost) values (17, 'Latlux', 17);
insert into products (id, name, cost) values (18, 'Quo Lux', 18);
insert into products (id, name, cost) values (19, 'Tin', 19);
insert into products (id, name, cost) values (20, 'Pannier', 20);
insert into products (id, name, cost) values (21, 'Treeflex', 21);
insert into products (id, name, cost) values (22, 'Rank', 22);
insert into products (id, name, cost) values (23, 'Bamity', 23);
insert into products (id, name, cost) values (24, 'Regrant', 24);
insert into products (id, name, cost) values (25, 'Gembucket', 25);
insert into products (id, name, cost) values (26, 'Sonair', 26);
insert into products (id, name, cost) values (27, 'Holdlamis', 27);
insert into products (id, name, cost) values (28, 'Biodex', 28);
insert into products (id, name, cost) values (29, 'Fintone', 29);
insert into products (id, name, cost) values (30, 'Otcom', 30);
insert into products (id, name, cost) values (31, 'Asoka', 31);
insert into products (id, name, cost) values (32, 'It', 32);
insert into products (id, name, cost) values (33, 'Tin', 33);
insert into products (id, name, cost) values (34, 'Veribet', 34);
insert into products (id, name, cost) values (35, 'Y-find', 35);
insert into products (id, name, cost) values (36, 'Otcom', 36);
insert into products (id, name, cost) values (37, 'Opela', 37);
insert into products (id, name, cost) values (38, 'Opela', 38);
insert into products (id, name, cost) values (39, 'Regrant', 39);
insert into products (id, name, cost) values (40, 'Veribet', 40);
insert into products (id, name, cost) values (41, 'Fixflex', 41);
insert into products (id, name, cost) values (42, 'Zaam-Dox', 42);
insert into products (id, name, cost) values (43, 'Konklux', 43);
insert into products (id, name, cost) values (44, 'Biodex', 44);
insert into products (id, name, cost) values (45, 'Hatity', 45);
insert into products (id, name, cost) values (46, 'Biodex', 46);
insert into products (id, name, cost) values (47, 'Prodder', 47);
insert into products (id, name, cost) values (48, 'Bitwolf', 48);
insert into products (id, name, cost) values (49, 'Y-find', 49);
insert into products (id, name, cost) values (50, 'Alphazap', 50);
insert into products (id, name, cost) values (51, 'Namfix', 51);
insert into products (id, name, cost) values (52, 'Zaam-Dox', 52);
insert into products (id, name, cost) values (53, 'Y-find', 53);
insert into products (id, name, cost) values (54, 'Opela', 54);
insert into products (id, name, cost) values (55, 'Pannier', 55);
insert into products (id, name, cost) values (56, 'Zamit', 56);
insert into products (id, name, cost) values (57, 'Keylex', 57);
insert into products (id, name, cost) values (58, 'Daltfresh', 58);
insert into products (id, name, cost) values (59, 'Subin', 59);
insert into products (id, name, cost) values (60, 'Home Ing', 60);
insert into products (id, name, cost) values (61, 'Cookley', 61);
insert into products (id, name, cost) values (62, 'Treeflex', 62);
insert into products (id, name, cost) values (63, 'Bigtax', 63);
insert into products (id, name, cost) values (64, 'Vagram', 64);
insert into products (id, name, cost) values (65, 'Cardguard', 65);
insert into products (id, name, cost) values (66, 'Konklab', 66);
insert into products (id, name, cost) values (67, 'Sonair', 67);
insert into products (id, name, cost) values (68, 'Flexidy', 68);
insert into products (id, name, cost) values (69, 'Sonsing', 69);
insert into products (id, name, cost) values (70, 'Konklux', 70);
insert into products (id, name, cost) values (71, 'Mat Lam Tam', 71);
insert into products (id, name, cost) values (72, 'Tresom', 72);
insert into products (id, name, cost) values (73, 'Konklux', 73);
insert into products (id, name, cost) values (74, 'Matsoft', 74);
insert into products (id, name, cost) values (75, 'Y-find', 75);
insert into products (id, name, cost) values (76, 'Subin', 76);
insert into products (id, name, cost) values (77, 'Regrant', 77);
insert into products (id, name, cost) values (78, 'Konklux', 78);
insert into products (id, name, cost) values (79, 'Sub-Ex', 79);
insert into products (id, name, cost) values (80, 'Stringtough', 80);
insert into products (id, name, cost) values (81, 'Flowdesk', 81);
insert into products (id, name, cost) values (82, 'Daltfresh', 82);
insert into products (id, name, cost) values (83, 'Sub-Ex', 83);
insert into products (id, name, cost) values (84, 'Toughjoyfax', 84);
insert into products (id, name, cost) values (85, 'Namfix', 85);
insert into products (id, name, cost) values (86, 'Subin', 86);
insert into products (id, name, cost) values (87, 'Ventosanzap', 87);
insert into products (id, name, cost) values (88, 'Zamit', 88);
insert into products (id, name, cost) values (89, 'Overhold', 89);
insert into products (id, name, cost) values (90, 'Holdlamis', 90);
insert into products (id, name, cost) values (91, 'Fix San', 91);
insert into products (id, name, cost) values (92, 'Home Ing', 92);
insert into products (id, name, cost) values (93, 'Lotlux', 93);
insert into products (id, name, cost) values (94, 'Domainer', 94);
insert into products (id, name, cost) values (95, 'Solarbreeze', 95);
insert into products (id, name, cost) values (96, 'Matsoft', 96);
insert into products (id, name, cost) values (97, 'Zaam-Dox', 97);
insert into products (id, name, cost) values (98, 'Alpha', 98);
insert into products (id, name, cost) values (99, 'Lotstring', 99);
insert into products (id, name, cost) values (100, 'Cookley', 100);
insert into company (id, products_id) values (1, 1);
insert into company (id, products_id) values (2, 2);
insert into company (id, products_id) values (3, 3);
insert into company (id, products_id) values (4, 4);
insert into company (id, products_id) values (5, 5);
insert into company (id, products_id) values (6, 6);
insert into company (id, products_id) values (7, 7);
insert into company (id, products_id) values (8, 8);
insert into company (id, products_id) values (9, 9);
insert into company (id, products_id) values (10, 10);
insert into company (id, products_id) values (11, 11);
insert into company (id, products_id) values (12, 12);
insert into company (id, products_id) values (13, 13);
insert into company (id, products_id) values (14, 14);
insert into company (id, products_id) values (15, 15);
insert into company (id, products_id) values (16, 16);
insert into company (id, products_id) values (17, 17);
insert into company (id, products_id) values (18, 18);
insert into company (id, products_id) values (19, 19);
insert into company (id, products_id) values (20, 20);
insert into company (id, products_id) values (21, 21);
insert into company (id, products_id) values (22, 22);
insert into company (id, products_id) values (23, 23);
insert into company (id, products_id) values (24, 24);
insert into company (id, products_id) values (25, 25);
insert into company (id, products_id) values (26, 26);
insert into company (id, products_id) values (27, 27);
insert into company (id, products_id) values (28, 28);
insert into company (id, products_id) values (29, 29);
insert into company (id, products_id) values (30, 30);
insert into company (id, products_id) values (31, 31);
insert into company (id, products_id) values (32, 32);
insert into company (id, products_id) values (33, 33);
insert into company (id, products_id) values (34, 34);
insert into company (id, products_id) values (35, 35);
insert into company (id, products_id) values (36, 36);
insert into company (id, products_id) values (37, 37);
insert into company (id, products_id) values (38, 38);
insert into company (id, products_id) values (39, 39);
insert into company (id, products_id) values (40, 40);
insert into company (id, products_id) values (41, 41);
insert into company (id, products_id) values (42, 42);
insert into company (id, products_id) values (43, 43);
insert into company (id, products_id) values (44, 44);
insert into company (id, products_id) values (45, 45);
insert into company (id, products_id) values (46, 46);
insert into company (id, products_id) values (47, 47);
insert into company (id, products_id) values (48, 48);
insert into company (id, products_id) values (49, 49);
insert into company (id, products_id) values (50, 50);
insert into company (id, products_id) values (51, 51);
insert into company (id, products_id) values (52, 52);
insert into company (id, products_id) values (53, 53);
insert into company (id, products_id) values (54, 54);
insert into company (id, products_id) values (55, 55);
insert into company (id, products_id) values (56, 56);
insert into company (id, products_id) values (57, 57);
insert into company (id, products_id) values (58, 58);
insert into company (id, products_id) values (59, 59);
insert into company (id, products_id) values (60, 60);
insert into company (id, products_id) values (61, 61);
insert into company (id, products_id) values (62, 62);
insert into company (id, products_id) values (63, 63);
insert into company (id, products_id) values (64, 64);
insert into company (id, products_id) values (65, 65);
insert into company (id, products_id) values (66, 66);
insert into company (id, products_id) values (67, 67);
insert into company (id, products_id) values (68, 68);
insert into company (id, products_id) values (69, 69);
insert into company (id, products_id) values (70, 70);
insert into company (id, products_id) values (71, 71);
insert into company (id, products_id) values (72, 72);
insert into company (id, products_id) values (73, 73);
insert into company (id, products_id) values (74, 74);
insert into company (id, products_id) values (75, 75);
insert into company (id, products_id) values (76, 76);
insert into company (id, products_id) values (77, 77);
insert into company (id, products_id) values (78, 78);
insert into company (id, products_id) values (79, 79);
insert into company (id, products_id) values (80, 80);
insert into company (id, products_id) values (81, 81);
insert into company (id, products_id) values (82, 82);
insert into company (id, products_id) values (83, 83);
insert into company (id, products_id) values (84, 84);
insert into company (id, products_id) values (85, 85);
insert into company (id, products_id) values (86, 86);
insert into company (id, products_id) values (87, 87);
insert into company (id, products_id) values (88, 88);
insert into company (id, products_id) values (89, 89);
insert into company (id, products_id) values (90, 90);
insert into company (id, products_id) values (91, 91);
insert into company (id, products_id) values (92, 92);
insert into company (id, products_id) values (93, 93);
insert into company (id, products_id) values (94, 94);
insert into company (id, products_id) values (95, 95);
insert into company (id, products_id) values (96, 96);
insert into company (id, products_id) values (97, 97);
insert into company (id, products_id) values (98, 98);
insert into company (id, products_id) values (99, 99);
insert into company (id, products_id) values (100, 100);
insert into basket (id, products_id, cost) values (1, 1, 1);
insert into basket (id, products_id, cost) values (2, 2, 2);
insert into basket (id, products_id, cost) values (3, 3, 3);
insert into basket (id, products_id, cost) values (4, 4, 4);
insert into basket (id, products_id, cost) values (5, 5, 5);
insert into basket (id, products_id, cost) values (6, 6, 6);
insert into basket (id, products_id, cost) values (7, 7, 7);
insert into basket (id, products_id, cost) values (8, 8, 8);
insert into basket (id, products_id, cost) values (9, 9, 9);
insert into basket (id, products_id, cost) values (10, 10, 10);
insert into basket (id, products_id, cost) values (11, 11, 11);
insert into basket (id, products_id, cost) values (12, 12, 12);
insert into basket (id, products_id, cost) values (13, 13, 13);
insert into basket (id, products_id, cost) values (14, 14, 14);
insert into basket (id, products_id, cost) values (15, 15, 15);
insert into basket (id, products_id, cost) values (16, 16, 16);
insert into basket (id, products_id, cost) values (17, 17, 17);
insert into basket (id, products_id, cost) values (18, 18, 18);
insert into basket (id, products_id, cost) values (19, 19, 19);
insert into basket (id, products_id, cost) values (20, 20, 20);
insert into basket (id, products_id, cost) values (21, 21, 21);
insert into basket (id, products_id, cost) values (22, 22, 22);
insert into basket (id, products_id, cost) values (23, 23, 23);
insert into basket (id, products_id, cost) values (24, 24, 24);
insert into basket (id, products_id, cost) values (25, 25, 25);
insert into basket (id, products_id, cost) values (26, 26, 26);
insert into basket (id, products_id, cost) values (27, 27, 27);
insert into basket (id, products_id, cost) values (28, 28, 28);
insert into basket (id, products_id, cost) values (29, 29, 29);
insert into basket (id, products_id, cost) values (30, 30, 30);
insert into basket (id, products_id, cost) values (31, 31, 31);
insert into basket (id, products_id, cost) values (32, 32, 32);
insert into basket (id, products_id, cost) values (33, 33, 33);
insert into basket (id, products_id, cost) values (34, 34, 34);
insert into basket (id, products_id, cost) values (35, 35, 35);
insert into basket (id, products_id, cost) values (36, 36, 36);
insert into basket (id, products_id, cost) values (37, 37, 37);
insert into basket (id, products_id, cost) values (38, 38, 38);
insert into basket (id, products_id, cost) values (39, 39, 39);
insert into basket (id, products_id, cost) values (40, 40, 40);
insert into basket (id, products_id, cost) values (41, 41, 41);
insert into basket (id, products_id, cost) values (42, 42, 42);
insert into basket (id, products_id, cost) values (43, 43, 43);
insert into basket (id, products_id, cost) values (44, 44, 44);
insert into basket (id, products_id, cost) values (45, 45, 45);
insert into basket (id, products_id, cost) values (46, 46, 46);
insert into basket (id, products_id, cost) values (47, 47, 47);
insert into basket (id, products_id, cost) values (48, 48, 48);
insert into basket (id, products_id, cost) values (49, 49, 49);
insert into basket (id, products_id, cost) values (50, 50, 50);
insert into basket (id, products_id, cost) values (51, 51, 51);
insert into basket (id, products_id, cost) values (52, 52, 52);
insert into basket (id, products_id, cost) values (53, 53, 53);
insert into basket (id, products_id, cost) values (54, 54, 54);
insert into basket (id, products_id, cost) values (55, 55, 55);
insert into basket (id, products_id, cost) values (56, 56, 56);
insert into basket (id, products_id, cost) values (57, 57, 57);
insert into basket (id, products_id, cost) values (58, 58, 58);
insert into basket (id, products_id, cost) values (59, 59, 59);
insert into basket (id, products_id, cost) values (60, 60, 60);
insert into basket (id, products_id, cost) values (61, 61, 61);
insert into basket (id, products_id, cost) values (62, 62, 62);
insert into basket (id, products_id, cost) values (63, 63, 63);
insert into basket (id, products_id, cost) values (64, 64, 64);
insert into basket (id, products_id, cost) values (65, 65, 65);
insert into basket (id, products_id, cost) values (66, 66, 66);
insert into basket (id, products_id, cost) values (67, 67, 67);
insert into basket (id, products_id, cost) values (68, 68, 68);
insert into basket (id, products_id, cost) values (69, 69, 69);
insert into basket (id, products_id, cost) values (70, 70, 70);
insert into basket (id, products_id, cost) values (71, 71, 71);
insert into basket (id, products_id, cost) values (72, 72, 72);
insert into basket (id, products_id, cost) values (73, 73, 73);
insert into basket (id, products_id, cost) values (74, 74, 74);
insert into basket (id, products_id, cost) values (75, 75, 75);
insert into basket (id, products_id, cost) values (76, 76, 76);
insert into basket (id, products_id, cost) values (77, 77, 77);
insert into basket (id, products_id, cost) values (78, 78, 78);
insert into basket (id, products_id, cost) values (79, 79, 79);
insert into basket (id, products_id, cost) values (80, 80, 80);
insert into basket (id, products_id, cost) values (81, 81, 81);
insert into basket (id, products_id, cost) values (82, 82, 82);
insert into basket (id, products_id, cost) values (83, 83, 83);
insert into basket (id, products_id, cost) values (84, 84, 84);
insert into basket (id, products_id, cost) values (85, 85, 85);
insert into basket (id, products_id, cost) values (86, 86, 86);
insert into basket (id, products_id, cost) values (87, 87, 87);
insert into basket (id, products_id, cost) values (88, 88, 88);
insert into basket (id, products_id, cost) values (89, 89, 89);
insert into basket (id, products_id, cost) values (90, 90, 90);
insert into basket (id, products_id, cost) values (91, 91, 91);
insert into basket (id, products_id, cost) values (92, 92, 92);
insert into basket (id, products_id, cost) values (93, 93, 93);
insert into basket (id, products_id, cost) values (94, 94, 94);
insert into basket (id, products_id, cost) values (95, 95, 95);
insert into basket (id, products_id, cost) values (96, 96, 96);
insert into basket (id, products_id, cost) values (97, 97, 97);
insert into basket (id, products_id, cost) values (98, 98, 98);
insert into basket (id, products_id, cost) values (99, 99, 99);
insert into basket (id, products_id, cost) values (100, 100, 100);
insert into customers (id, basket_id, first_name, last_name, email, phone, city, payment) values (1, 1, 'Renaldo', 'Stode', 'rstode0@naver.com', '+591 806 771 9145', 'Batallas', 1);
insert into customers (id, basket_id, first_name, last_name, email, phone, city, payment) values (2, 2, 'Parry', 'Ruusa', 'pruusa1@dell.com', '+7 825 181 1667', 'Plavsk', 2);
insert into customers (id, basket_id, first_name, last_name, email, phone, city, payment) values (3, 3, 'Byron', 'Gennings', 'bgennings2@fastcompany.com', '+62 519 856 7590', 'Kuningan', 3);
insert into customers (id, basket_id, first_name, last_name, email, phone, city, payment) values (4, 4, 'Burt', 'Starsmore', 'bstarsmore3@ask.com', '+55 136 681 3100', 'Schroeder', 4);
insert into customers (id, basket_id, first_name, last_name, email, phone, city, payment) values (5, 5, 'Sam', 'Ruxton', 'sruxton4@cocolog-nifty.com', '+27 413 441 1158', 'Victoria West', 5);
insert into customers (id, basket_id, first_name, last_name, email, phone, city, payment) values (6, 6, 'Drake', 'Boucher', 'dboucher5@typepad.com', '+48 778 423 8881', 'Głogówek', 6);
insert into customers (id, basket_id, first_name, last_name, email, phone, city, payment) values (7, 7, 'Eugenius', 'Muckart', 'emuckart6@seattletimes.com', '+1 323 348 3275', 'Los Angeles', 7);
insert into customers (id, basket_id, first_name, last_name, email, phone, city, payment) values (8, 8, 'Ambrosius', 'Celloni', 'acelloni7@craigslist.org', '+81 179 345 4214', 'Miyazu', 8);
insert into customers (id, basket_id, first_name, last_name, email, phone, city, payment) values (9, 9, 'Arie', 'Croutear', 'acroutear8@shop-pro.jp', '+1 215 751 2165', 'Philadelphia', 9);
insert into customers (id, basket_id, first_name, last_name, email, phone, city, payment) values (10, 10, 'Duke', 'Keemar', 'dkeemar9@theglobeandmail.com', '+51 918 470 5860', 'Huallanca', 10);
insert into customers (id, basket_id, first_name, last_name, email, phone, city, payment) values (11, 11, 'Bard', 'Roberds', 'broberdsa@mlb.com', '+86 268 437 0255', 'Ninghai', 11);
insert into customers (id, basket_id, first_name, last_name, email, phone, city, payment) values (12, 12, 'Laney', 'Fenton', 'lfentonb@indiatimes.com', '+62 660 920 3142', 'Jatiwangi', 12);
insert into customers (id, basket_id, first_name, last_name, email, phone, city, payment) values (13, 13, 'Gerik', 'Blazic', 'gblazicc@quantcast.com', '+62 130 456 2951', 'Masjid', 13);
insert into customers (id, basket_id, first_name, last_name, email, phone, city, payment) values (14, 14, 'Winny', 'Bahls', 'wbahlsd@sakura.ne.jp', '+86 384 931 6036', 'Baiguo', 14);
insert into customers (id, basket_id, first_name, last_name, email, phone, city, payment) values (15, 15, 'Bogart', 'Merriman', 'bmerrimane@jalbum.net', '+86 520 788 3116', 'Halamendu', 15);
insert into customers (id, basket_id, first_name, last_name, email, phone, city, payment) values (16, 16, 'Zachariah', 'Harpur', 'zharpurf@fema.gov', '+86 855 510 0492', 'Zizhao', 16);
insert into customers (id, basket_id, first_name, last_name, email, phone, city, payment) values (17, 17, 'Morrie', 'Duchesne', 'mduchesneg@home.pl', '+375 957 347 4558', 'Hal’shany', 17);
insert into customers (id, basket_id, first_name, last_name, email, phone, city, payment) values (18, 18, 'Walt', 'Havers', 'whaversh@bandcamp.com', '+66 881 346 2129', 'Khlong Khuean', 18);
insert into customers (id, basket_id, first_name, last_name, email, phone, city, payment) values (19, 19, 'Colby', 'Schlag', 'cschlagi@hostgator.com', '+48 282 238 5885', 'Łazy', 19);
insert into customers (id, basket_id, first_name, last_name, email, phone, city, payment) values (20, 20, 'Morse', 'Benterman', 'mbentermanj@google.nl', '+86 404 167 0763', 'Shixi', 20);
insert into customers (id, basket_id, first_name, last_name, email, phone, city, payment) values (21, 21, 'Ervin', 'De Miranda', 'edemirandak@over-blog.com', '+261 770 220 3745', 'Vavatenina', 21);
insert into customers (id, basket_id, first_name, last_name, email, phone, city, payment) values (22, 22, 'Carney', 'Greenly', 'cgreenlyl@nbcnews.com', '+63 335 999 0184', 'Lumbang', 22);
insert into customers (id, basket_id, first_name, last_name, email, phone, city, payment) values (23, 23, 'Dillie', 'Fremantle', 'dfremantlem@gravatar.com', '+86 647 611 6885', 'Lanxi', 23);
insert into customers (id, basket_id, first_name, last_name, email, phone, city, payment) values (24, 24, 'Douglass', 'Clarridge', 'dclarridgen@csmonitor.com', '+31 433 197 6829', 'Waalwijk', 24);
insert into customers (id, basket_id, first_name, last_name, email, phone, city, payment) values (25, 25, 'Mateo', 'Eadmeads', 'meadmeadso@scribd.com', '+98 181 794 0006', 'Razan', 25);
insert into customers (id, basket_id, first_name, last_name, email, phone, city, payment) values (26, 26, 'Lombard', 'Odda', 'loddap@sina.com.cn', '+82 488 270 6677', 'Goyang-si', 26);
insert into customers (id, basket_id, first_name, last_name, email, phone, city, payment) values (27, 27, 'Whitby', 'Moraleda', 'wmoraledaq@yolasite.com', '+86 941 117 4531', 'Kertai', 27);
insert into customers (id, basket_id, first_name, last_name, email, phone, city, payment) values (28, 28, 'Donovan', 'Matus', 'dmatusr@devhub.com', '+81 215 997 9726', 'Ueki', 28);
insert into customers (id, basket_id, first_name, last_name, email, phone, city, payment) values (29, 29, 'Zebedee', 'Bolingbroke', 'zbolingbrokes@ca.gov', '+84 760 570 1736', 'Bến Tre', 29);
insert into customers (id, basket_id, first_name, last_name, email, phone, city, payment) values (30, 30, 'Hayward', 'Handy', 'hhandyt@google.es', '+62 640 714 6600', 'Trogan Barat', 30);
insert into customers (id, basket_id, first_name, last_name, email, phone, city, payment) values (31, 31, 'Krishnah', 'Cannop', 'kcannopu@alibaba.com', '+62 469 894 5005', 'Wonokerto', 31);
insert into customers (id, basket_id, first_name, last_name, email, phone, city, payment) values (32, 32, 'Weber', 'Tuftin', 'wtuftinv@seesaa.net', '+63 613 732 2863', 'Nagiba', 32);
insert into customers (id, basket_id, first_name, last_name, email, phone, city, payment) values (33, 33, 'Lin', 'Beckham', 'lbeckhamw@csmonitor.com', '+31 868 989 4285', 'Emmen', 33);
insert into customers (id, basket_id, first_name, last_name, email, phone, city, payment) values (34, 34, 'Sky', 'Petriello', 'spetriellox@google.fr', '+86 258 390 2516', 'Boli', 34);
insert into customers (id, basket_id, first_name, last_name, email, phone, city, payment) values (35, 35, 'Kaleb', 'Adrien', 'kadrieny@ftc.gov', '+93 632 306 9236', 'Ḩāfiz̧ Moghul', 35);
insert into customers (id, basket_id, first_name, last_name, email, phone, city, payment) values (36, 36, 'Derick', 'Lanchbury', 'dlanchburyz@slashdot.org', '+84 206 862 2392', 'Anh Son', 36);
insert into customers (id, basket_id, first_name, last_name, email, phone, city, payment) values (37, 37, 'Shae', 'Hallbird', 'shallbird10@hud.gov', '+242 319 890 2224', 'Sibiti', 37);
insert into customers (id, basket_id, first_name, last_name, email, phone, city, payment) values (38, 38, 'Durant', 'Burtenshaw', 'dburtenshaw11@discovery.com', '+994 937 760 0071', 'Yelenendorf', 38);
insert into customers (id, basket_id, first_name, last_name, email, phone, city, payment) values (39, 39, 'Conn', 'Donohoe', 'cdonohoe12@msu.edu', '+267 695 290 9953', 'Janeng', 39);
insert into customers (id, basket_id, first_name, last_name, email, phone, city, payment) values (40, 40, 'Hobie', 'Mosedill', 'hmosedill13@cnn.com', '+30 528 767 2359', 'Lékhaio', 40);
insert into customers (id, basket_id, first_name, last_name, email, phone, city, payment) values (41, 41, 'Noe', 'Dolan', 'ndolan14@imgur.com', '+84 132 245 9805', 'Thị Trấn Tân Yên', 41);
insert into customers (id, basket_id, first_name, last_name, email, phone, city, payment) values (42, 42, 'Darrell', 'Dietzler', 'ddietzler15@barnesandnoble.com', '+86 655 564 4734', 'Ganpu', 42);
insert into customers (id, basket_id, first_name, last_name, email, phone, city, payment) values (43, 43, 'Rafe', 'Valero', 'rvalero16@globo.com', '+44 296 223 1617', 'Glasgow', 43);
insert into customers (id, basket_id, first_name, last_name, email, phone, city, payment) values (44, 44, 'Scottie', 'Jakubovits', 'sjakubovits17@ihg.com', '+47 687 572 6382', 'Oslo', 44);
insert into customers (id, basket_id, first_name, last_name, email, phone, city, payment) values (45, 45, 'Dana', 'Gidney', 'dgidney18@statcounter.com', '+33 247 518 3885', 'Cesson', 45);
insert into customers (id, basket_id, first_name, last_name, email, phone, city, payment) values (46, 46, 'Cullan', 'Edgars', 'cedgars19@census.gov', '+86 674 637 7301', 'Canghou', 46);
insert into customers (id, basket_id, first_name, last_name, email, phone, city, payment) values (47, 47, 'Allan', 'Jaquemar', 'ajaquemar1a@google.ru', '+47 575 579 4481', 'Drammen', 47);
insert into customers (id, basket_id, first_name, last_name, email, phone, city, payment) values (48, 48, 'Jocko', 'Withey', 'jwithey1b@ocn.ne.jp', '+62 776 368 0630', 'Baing', 48);
insert into customers (id, basket_id, first_name, last_name, email, phone, city, payment) values (49, 49, 'Natal', 'Archibould', 'narchibould1c@archive.org', '+62 924 104 3274', 'Kasui', 49);
insert into customers (id, basket_id, first_name, last_name, email, phone, city, payment) values (50, 50, 'Thedrick', 'Sirette', 'tsirette1d@seesaa.net', '+86 667 341 9746', 'Xiaolin', 50);
insert into customers (id, basket_id, first_name, last_name, email, phone, city, payment) values (51, 51, 'Bogart', 'Wrate', 'bwrate1e@fema.gov', '+57 339 932 1651', 'El Espino', 51);
insert into customers (id, basket_id, first_name, last_name, email, phone, city, payment) values (52, 52, 'Algernon', 'Fairbrass', 'afairbrass1f@weibo.com', '+62 866 681 3623', 'Ketanen', 52);
insert into customers (id, basket_id, first_name, last_name, email, phone, city, payment) values (53, 53, 'Levy', 'Pincott', 'lpincott1g@apple.com', '+86 775 532 1845', 'Keli', 53);
insert into customers (id, basket_id, first_name, last_name, email, phone, city, payment) values (54, 54, 'Sansone', 'Barnewelle', 'sbarnewelle1h@ifeng.com', '+86 254 290 3447', 'Shiwan', 54);
insert into customers (id, basket_id, first_name, last_name, email, phone, city, payment) values (55, 55, 'Nial', 'McAughtry', 'nmcaughtry1i@oracle.com', '+57 467 170 7390', 'Tuluá', 55);
insert into customers (id, basket_id, first_name, last_name, email, phone, city, payment) values (56, 56, 'Maddy', 'Keary', 'mkeary1j@hhs.gov', '+86 248 336 3295', 'Baihua', 56);
insert into customers (id, basket_id, first_name, last_name, email, phone, city, payment) values (57, 57, 'Perice', 'Jugging', 'pjugging1k@mapquest.com', '+7 267 471 4047', 'Yessentuki', 57);
insert into customers (id, basket_id, first_name, last_name, email, phone, city, payment) values (58, 58, 'Pincus', 'Balling', 'pballing1l@soup.io', '+351 714 226 8221', 'Fornos de Algodres', 58);
insert into customers (id, basket_id, first_name, last_name, email, phone, city, payment) values (59, 59, 'Brandy', 'Cattellion', 'bcattellion1m@discovery.com', '+81 424 608 4115', 'Hannō', 59);
insert into customers (id, basket_id, first_name, last_name, email, phone, city, payment) values (60, 60, 'Clarance', 'Jell', 'cjell1n@tiny.cc', '+81 376 559 0625', 'Hotaka', 60);
insert into customers (id, basket_id, first_name, last_name, email, phone, city, payment) values (61, 61, 'Murdock', 'Tindall', 'mtindall1o@irs.gov', '+86 167 151 8183', 'Yushikalasu', 61);
insert into customers (id, basket_id, first_name, last_name, email, phone, city, payment) values (62, 62, 'Shurlock', 'McIlwraith', 'smcilwraith1p@github.io', '+86 768 113 7923', 'Weizhou', 62);
insert into customers (id, basket_id, first_name, last_name, email, phone, city, payment) values (63, 63, 'Dario', 'Dorton', 'ddorton1q@wufoo.com', '+33 773 768 2372', 'Méru', 63);
insert into customers (id, basket_id, first_name, last_name, email, phone, city, payment) values (64, 64, 'Wain', 'Very', 'wvery1r@seesaa.net', '+420 820 812 7943', 'Nelahozeves', 64);
insert into customers (id, basket_id, first_name, last_name, email, phone, city, payment) values (65, 65, 'Carly', 'Cunradi', 'ccunradi1s@mtv.com', '+46 132 655 4232', 'Hässleholm', 65);
insert into customers (id, basket_id, first_name, last_name, email, phone, city, payment) values (66, 66, 'Regan', 'Gabrieli', 'rgabrieli1t@1688.com', '+86 902 930 6620', 'Xifengshan', 66);
insert into customers (id, basket_id, first_name, last_name, email, phone, city, payment) values (67, 67, 'Lorant', 'Copnar', 'lcopnar1u@java.com', '+351 935 724 8413', 'Quintas', 67);
insert into customers (id, basket_id, first_name, last_name, email, phone, city, payment) values (68, 68, 'Dougy', 'Shorland', 'dshorland1v@cdbaby.com', '+374 227 612 9344', 'Shenavan', 68);
insert into customers (id, basket_id, first_name, last_name, email, phone, city, payment) values (69, 69, 'Yardley', 'Binton', 'ybinton1w@yellowbook.com', '+212 277 621 5346', 'Goulmima', 69);
insert into customers (id, basket_id, first_name, last_name, email, phone, city, payment) values (70, 70, 'Hillard', 'Lilliman', 'hlilliman1x@blogs.com', '+62 313 864 9189', 'Gatak', 70);
insert into customers (id, basket_id, first_name, last_name, email, phone, city, payment) values (71, 71, 'Ber', 'Philipard', 'bphilipard1y@discuz.net', '+86 306 520 6898', 'Wuyang', 71);
insert into customers (id, basket_id, first_name, last_name, email, phone, city, payment) values (72, 72, 'Josh', 'Kirkland', 'jkirkland1z@java.com', '+55 534 546 1384', 'Aragarças', 72);
insert into customers (id, basket_id, first_name, last_name, email, phone, city, payment) values (73, 73, 'Hobie', 'Bugge', 'hbugge20@wisc.edu', '+63 437 379 3028', 'Banaba', 73);
insert into customers (id, basket_id, first_name, last_name, email, phone, city, payment) values (74, 74, 'Yurik', 'Fabry', 'yfabry21@abc.net.au', '+62 813 781 0561', 'Leran', 74);
insert into customers (id, basket_id, first_name, last_name, email, phone, city, payment) values (75, 75, 'Jimmy', 'Lamond', 'jlamond22@sphinn.com', '+95 511 476 6691', 'Pyu', 75);
insert into customers (id, basket_id, first_name, last_name, email, phone, city, payment) values (76, 76, 'Alphard', 'Elsbury', 'aelsbury23@i2i.jp', '+46 392 776 3132', 'Järna', 76);
insert into customers (id, basket_id, first_name, last_name, email, phone, city, payment) values (77, 77, 'Sterling', 'Ledson', 'sledson24@sciencedaily.com', '+51 112 432 1669', 'Caleta Cruz', 77);
insert into customers (id, basket_id, first_name, last_name, email, phone, city, payment) values (78, 78, 'Eugen', 'Penney', 'epenney25@yelp.com', '+48 923 761 5476', 'Targowisko', 78);
insert into customers (id, basket_id, first_name, last_name, email, phone, city, payment) values (79, 79, 'Cornelius', 'Meir', 'cmeir26@elegantthemes.com', '+63 951 394 1494', 'Esperanza', 79);
insert into customers (id, basket_id, first_name, last_name, email, phone, city, payment) values (80, 80, 'Harland', 'Teek', 'hteek27@nytimes.com', '+380 752 645 6220', 'Ternopil’', 80);
insert into customers (id, basket_id, first_name, last_name, email, phone, city, payment) values (81, 81, 'Addie', 'Filchagin', 'afilchagin28@rakuten.co.jp', '+98 843 567 2943', 'Qīr', 81);
insert into customers (id, basket_id, first_name, last_name, email, phone, city, payment) values (82, 82, 'Arvin', 'Hauch', 'ahauch29@chron.com', '+33 466 623 0067', 'Tours', 82);
insert into customers (id, basket_id, first_name, last_name, email, phone, city, payment) values (83, 83, 'Fitzgerald', 'Fairrie', 'ffairrie2a@hibu.com', '+7 579 167 1008', 'Oranzherei', 83);
insert into customers (id, basket_id, first_name, last_name, email, phone, city, payment) values (84, 84, 'Tris', 'Houlton', 'thoulton2b@omniture.com', '+7 808 281 2842', 'Kurchatov', 84);
insert into customers (id, basket_id, first_name, last_name, email, phone, city, payment) values (85, 85, 'Wallace', 'Mosby', 'wmosby2c@oracle.com', '+86 817 778 5365', 'Wenchang', 85);
insert into customers (id, basket_id, first_name, last_name, email, phone, city, payment) values (86, 86, 'Quent', 'Le Marquand', 'qlemarquand2d@lulu.com', '+216 617 227 4171', 'Gabès', 86);
insert into customers (id, basket_id, first_name, last_name, email, phone, city, payment) values (87, 87, 'Gustav', 'Antognazzi', 'gantognazzi2e@reddit.com', '+1 516 813 0061', 'Princeville', 87);
insert into customers (id, basket_id, first_name, last_name, email, phone, city, payment) values (88, 88, 'Victor', 'McCorkell', 'vmccorkell2f@oracle.com', '+86 784 949 0967', 'Xinqiao', 88);
insert into customers (id, basket_id, first_name, last_name, email, phone, city, payment) values (89, 89, 'Benjamen', 'Sagrott', 'bsagrott2g@google.es', '+850 802 218 5744', 'Iwŏn-ŭp', 89);
insert into customers (id, basket_id, first_name, last_name, email, phone, city, payment) values (90, 90, 'Clint', 'Kristoffersson', 'ckristoffersson2h@yelp.com', '+46 898 718 4557', 'Uppsala', 90);
insert into customers (id, basket_id, first_name, last_name, email, phone, city, payment) values (91, 91, 'Archibald', 'Grandham', 'agrandham2i@dion.ne.jp', '+55 172 278 7494', 'Mangaratiba', 91);
insert into customers (id, basket_id, first_name, last_name, email, phone, city, payment) values (92, 92, 'Edward', 'Doerren', 'edoerren2j@pcworld.com', '+86 515 267 2578', 'Wan’an', 92);
insert into customers (id, basket_id, first_name, last_name, email, phone, city, payment) values (93, 93, 'Cory', 'Norkett', 'cnorkett2k@webs.com', '+351 562 333 1696', 'Ribafria', 93);
insert into customers (id, basket_id, first_name, last_name, email, phone, city, payment) values (94, 94, 'Scarface', 'Yukhnev', 'syukhnev2l@jugem.jp', '+63 162 259 2146', 'Bagumbayan', 94);
insert into customers (id, basket_id, first_name, last_name, email, phone, city, payment) values (95, 95, 'Wake', 'Haggish', 'whaggish2m@goo.ne.jp', '+380 459 868 8971', 'Vyzhnytsya', 95);
insert into customers (id, basket_id, first_name, last_name, email, phone, city, payment) values (96, 96, 'Penny', 'Dentith', 'pdentith2n@odnoklassniki.ru', '+54 911 911 6530', 'Colonia Elía', 96);
insert into customers (id, basket_id, first_name, last_name, email, phone, city, payment) values (97, 97, 'Thorpe', 'Axelbey', 'taxelbey2o@amazon.com', '+351 753 539 8506', 'Silvares', 97);
insert into customers (id, basket_id, first_name, last_name, email, phone, city, payment) values (98, 98, 'Tabbie', 'Stronach', 'tstronach2p@nps.gov', '+33 862 729 7306', 'Noisy-le-Grand', 98);
insert into customers (id, basket_id, first_name, last_name, email, phone, city, payment) values (99, 99, 'Harper', 'Perez', 'hperez2q@i2i.jp', '+62 602 316 5663', 'Nungga', 99);
insert into customers (id, basket_id, first_name, last_name, email, phone, city, payment) values (100, 100, 'Mateo', 'Bricknell', 'mbricknell2r@kickstarter.com', '+62 319 980 5689', 'Telagasari', 100);
ALTER TABLE "products" ADD FOREIGN KEY ("cost") REFERENCES "basket" ("cost");

ALTER TABLE "customers" ADD FOREIGN KEY ("payment") REFERENCES "basket" ("cost");

ALTER TABLE "basket" ADD FOREIGN KEY ("products_id") REFERENCES "products" ("id");

ALTER TABLE "company" ADD FOREIGN KEY ("products_id") REFERENCES "products" ("id");




